Cap_01.flac,no final C
Cap_02.flac,
Cap_03.flac,
Cap_04.flac,
Coup_01.flac,
Coup_02.flac,
Coup_03.flac,
Coup_04.flac,
Cup_01.flac,
Cup_02.flac,
Cup_03.flac,
Cup_04.flac,
Kan_01.flac,
Kan_02.flac,
Kan_03.flac,
Kan_04.flac,
Kap_01.flac,no final C
Kap_02.flac,
Kap_03.flac,
Kap_04.flac,
Ken_01.flac,
Ken_02.flac,
Ken_03.flac,
Ken_04.flac,
Kien_01.flac,
Kien_02.flac,
Kien_03.flac,
Kien_04.flac,replace with 05
Kien_05.flac,
Kiep_01.flac,
Kiep_02.flac,
Kiep_03.flac,
Kiep_04.flac,
Kin_01.flac,
Kin_02.flac,
Kin_03.flac,
Kin_04.flac,
Kip_01.flac,
Kip_02.flac,
Kip_03.flac,
Kip_04.flac,
Koen_01.flac,
Koen_02.flac,
Koen_03.flac,
Koen_04.flac,
Kon_01.flac,
Kon_02.flac,
Kon_03.flac,
Kon_04.flac,
Kop_01.flac,
Kop_02.flac,
Kop_03.flac,
Kop_04.flac,
Kun_01.flac,
Kun_02.flac,
Kun_03.flac,
Kun_04.flac,
Kuub_01.flac,
Kuub_02.flac,
Kuub_03.flac,
Kuub_04.flac,
Pap_01.flac,
Pap_02.flac,
Pap_03.flac,
Pap_04.flac,
Pep_01.flac,
Pep_02.flac,
Pep_03.flac,
Pep_04.flac,
Piep_01.flac,
Piep_02.flac,
Piep_03.flac,
Piep_04.flac,
Pip_01.flac,
Pip_02.flac,
Pip_03.flac,
Pip_04.flac,
Poep_01.flac,
Poep_02.flac,
Poep_03.flac,
Poep_04.flac,
Pop_01.flac,
Pop_02.flac,
Pop_03.flac,
Pop_04.flac,
Pup_01.flac,
Pup_02.flac,
Pup_03.flac,
Pup_04.flac,
Pup_05.flac,
Sentence_01.flac,
Vul_01.flac,
Vul_02.flac,
Vul_03.flac,
Vul_04.flac,
